,Year,Player,Pos,HT,WT,Team,Selection Type,NBA Draft Status,Nationality
0,2016,Stephen Curry,G,6-3,190,Golden State Warriors,Western All-Star Fan Vote Selection,2009 Rnd 1 Pick 7,United States
1,2016,James Harden,SG,6-5,220,Houston Rockets,Western All-Star Fan Vote Selection,2009 Rnd 1 Pick 3,United States
2,2016,Kevin Durant,SF,6-9,240,Golden State Warriors,Western All-Star Fan Vote Selection,2007 Rnd 1 Pick 2,United States
3,2016,Kawhi Leonard,F,6-7,230,San Antonio Spurs,Western All-Star Fan Vote Selection,2011 Rnd 1 Pick 15,United States
4,2016,Anthony Davis,PF,6-11,253,New Orleans Pelicans,Western All-Star Fan Vote Selection,2012 Rnd 1 Pick 1,United States
5,2016,Russell Westbrook,G,6-3,200,Oklahoma City Thunder,Western All-Star Coaches Selection,2008 Rnd 1 Pick 4,United States
6,2016,DeMarcus Cousins,C,6-11,270,Sacramento Kings,Western All-Star Coaches Selection,2010 Rnd 1 Pick 5,United States
7,2016,Klay Thompson,G,6-7,215,Golden State Warriors,Western All-Star Coaches Selection,2011 Rnd 1 Pick 11,United States
8,2016,Draymond Green,F,6-7,230,Golden State Warriors,Western All-Star Coaches Selection,2012 Rnd 2 Pick 5,United States
9,2016,Marc Gasol,C,7-1,255,Memphis Grizzlies,Western All-Star Coaches Selection,2007 Rnd 2 Pick 18,Spain
10,2016,DeAndre Jordan,C,6-11,265,Los Angeles Clippers,Western All-Star Coaches Selection,2008 Rnd 2 Pick 5,United States
11,2016,Gordon Hayward,GF,6-8,226,Utah Jazz,Western All-Star Coaches Selection,2010 Rnd 1 Pick 9,United States
12,2016,Kyrie Irving,G,6-3,193,Cleveland Cavaliers,Eastern All-Star Fan Vote Selection,2011 Rnd 1 Pick 1,"United States
Australia"
13,2016,DeMar DeRozan,GF,6-7,220,Toronto Raptors,Eastern All-Star Fan Vote Selection,2009 Rnd 1 Pick 9,United States
14,2016,LeBron James,F,6-8,250,Cleveland Cavaliers,Eastern All-Star Fan Vote Selection,2003 Rnd 1 Pick 1,United States
15,2016,Giannis Antetokounmpo,F,6-11,222,Milwaukee Bucks,Eastern All-Star Fan Vote Selection,2013 Rnd 1 Pick 15,"Greece
Nigeria"
16,2016,Jimmy Butler,GF,6-7,231,Chicago Bulls,Eastern All-Star Fan Vote Selection,2011 Rnd 1 Pick 30,United States
17,2016,Isaiah Thomas,PG,5-9,185,Boston Celtics,Eastern All-Star Coaches Selection,2011 Rnd 2 Pick 30,United States
18,2016,John Wall,PG,6-4,210,Washington Wizards,Eastern All-Star Coaches Selection,2010 Rnd 1 Pick 1,United States
19,2016,Kevin Love,FC,6-10,251,Cleveland Cavaliers,Eastern All-Star Coaches Selection,2008 Rnd 1 Pick 5,United States
20,2016,Kyle Lowry,PG,6-0,205,Toronto Raptors,Eastern All-Star Coaches Selection,2006 Rnd 1 Pick 24,United States
21,2016,Paul George,GF,6-9,220,Indiana Pacers,Eastern All-Star Coaches Selection,2010 Rnd 1 Pick 10,United States
22,2016,Kemba Walker,G,6-1,184,Charlotte Hornets,Eastern All-Star Coaches Selection,2011 Rnd 1 Pick 9,United States
23,2016,Paul Millsap,FC,6-8,246,Atlanta Hawks,Eastern All-Star Coaches Selection,2006 Rnd 2 Pick 17,United States
24,2015,LeBron James,F,6-8,250,Cleveland Cavaliers,Eastern All-Star Fan Vote Selection,2003 Rnd 1 Pick 1,United States
25,2015,Dwyane Wade,SG,6-4,220,Miami Heat,Eastern All-Star Fan Vote Selection,2003 Rnd 1 Pick 5,United States
26,2015,Paul George,GF,6-9,220,Indiana Pacers,Eastern All-Star Fan Vote Selection,2010 Rnd 1 Pick 10,United States
27,2015,Carmelo Anthony,F,6-8,240,New York Knicks,Eastern All-Star Fan Vote Selection,2003 Rnd 1 Pick 3,United States
28,2015,Kyle Lowry,PG,6-0,205,Toronto Raptors,Eastern All-Star Fan Vote Selection,2006 Rnd 1 Pick 24,United States
29,2015,Jimmy Butler,GF,6-7,231,Chicago Bulls,Eastern All-Star Coaches Selection,2011 Rnd 1 Pick 30,United States
30,2015,DeMar DeRozan,GF,6-7,220,Toronto Raptors,Eastern All-Star Coaches Selection,2009 Rnd 1 Pick 9,United States
31,2015,Paul Millsap,FC,6-8,246,Atlanta Hawks,Eastern All-Star Coaches Selection,2006 Rnd 2 Pick 17,United States
32,2015,Andre Drummond,C,6-11,279,Detroit Pistons,Eastern All-Star Coaches Selection,2012 Rnd 1 Pick 9,United States
33,2015,Chris Bosh,PF,6-11,235,Miami Heat,Eastern All-Star Coaches Selection,2003 Rnd 1 Pick 4,United States
34,2015,John Wall,PG,6-4,210,Washington Wizards,Eastern All-Star Coaches Selection,2010 Rnd 1 Pick 1,United States
35,2015,Isaiah Thomas,PG,5-9,185,Boston Celtics,Eastern All-Star Coaches Selection,2011 Rnd 2 Pick 30,United States
36,2015,Pau Gasol,FC,7-0,250,Chicago Bulls,Eastern All-Star Replacement Selection,2001 Rnd 1 Pick 3,Spain
37,2015,Al Horford,FC,6-10,245,Atlanta Hawks,Eastern All-Star Replacement Selection,2007 Rnd 1 Pick 3,"Dominican Republic
United States"
38,2015,Kobe Bryant,SG,6-6,212,Los Angeles Lakers,Western All-Star Fan Vote Selection,1996 Rnd 1 Pick 13,United States
39,2015,Kevin Durant,SF,6-9,240,Oklahoma City Thunder,Western All-Star Fan Vote Selection,2007 Rnd 1 Pick 2,United States
40,2015,Kawhi Leonard,F,6-7,230,San Antonio Spurs,Western All-Star Fan Vote Selection,2011 Rnd 1 Pick 15,United States
41,2015,Stephen Curry,G,6-3,190,Golden State Warriors,Western All-Star Fan Vote Selection,2009 Rnd 1 Pick 7,United States
42,2015,Russell Westbrook,G,6-3,200,Oklahoma City Thunder,Western All-Star Fan Vote Selection,2008 Rnd 1 Pick 4,United States
43,2015,Draymond Green,F,6-7,230,Golden State Warriors,Western All-Star Coaches Selection,2012 Rnd 2 Pick 5,United States
44,2015,James Harden,SG,6-5,220,Houston Rockets,Western All-Star Coaches Selection,2009 Rnd 1 Pick 3,United States
45,2015,Chris Paul,PG,6-0,175,Los Angeles Clippers,Western All-Star Coaches Selection,2005 Rnd 1 Pick 4,United States
46,2015,Klay Thompson,G,6-7,215,Golden State Warriors,Western All-Star Coaches Selection,2011 Rnd 1 Pick 11,United States
47,2015,Anthony Davis,PF,6-11,253,New Orleans Pelicans,Western All-Star Coaches Selection,2012 Rnd 1 Pick 1,United States
48,2015,DeMarcus Cousins,C,6-11,270,Sacramento Kings,Western All-Star Coaches Selection,2010 Rnd 1 Pick 5,United States
49,2015,LaMarcus Aldridge,FC,6-11,240,San Antonio Spurs,Western All-Star Coaches Selection,2006 Rnd 1 Pick 2,United States
50,2014,LeBron James,F,6-8,250,Cleveland Cavaliers,Eastern All-Star Fan Vote Selection,2003 Rnd 1 Pick 1,United States
51,2014,John Wall,PG,6-4,210,Washington Wizards,Eastern All-Star Fan Vote Selection,2010 Rnd 1 Pick 1,United States
52,2014,Kyle Lowry,PG,6-0,205,Toronto Raptors,Eastern All-Star Fan Vote Selection,2006 Rnd 1 Pick 24,United States
53,2014,Pau Gasol,FC,7-0,250,Chicago Bulls,Eastern All-Star Fan Vote Selection,2001 Rnd 1 Pick 3,Spain
54,2014,Carmelo Anthony,F,6-8,240,New York Knicks,Eastern All-Star Fan Vote Selection,2003 Rnd 1 Pick 3,United States
55,2014,Al Horford,FC,6-10,245,Atlanta Hawks,Eastern All-Star Coaches Selection,2007 Rnd 1 Pick 3,"Dominican Republic
United States"
56,2014,Jeff Teague,PG,6-2,186,Atlanta Hawks,Eastern All-Star Coaches Selection,2009 Rnd 1 Pick 19,United States
57,2014,Paul Millsap,FC,6-8,246,Atlanta Hawks,Eastern All-Star Coaches Selection,2006 Rnd 2 Pick 17,United States
58,2014,Jimmy Butler,GF,6-7,231,Chicago Bulls,Eastern All-Star Coaches Selection,2011 Rnd 1 Pick 30,United States
59,2014,Kyrie Irving,G,6-3,193,Cleveland Cavaliers,Eastern All-Star Coaches Selection,2011 Rnd 1 Pick 1,"United States
Australia"
60,2014,Chris Bosh,PF,6-11,235,Miami Heat,Eastern All-Star Coaches Selection,2003 Rnd 1 Pick 4,United States
61,2014,Dwyane Wade,SG,6-4,220,Miami Heat,Eastern All-Star Coaches Selection,2003 Rnd 1 Pick 5,United States
62,2014,Kyle Korver,SF,6-7,212,Atlanta Hawks,Eastern All-Star Replacement Selection,2003 Rnd 2 Pick 22,United States
63,2014,Stephen Curry,G,6-3,190,Golden State Warriors,Western All-Star Fan Vote Selection,2009 Rnd 1 Pick 7,United States
64,2014,Kobe Bryant,SG,6-6,212,Los Angeles Lakers,Western All-Star Fan Vote Selection,1996 Rnd 1 Pick 13,United States
65,2014,Anthony Davis,PF,6-11,253,New Orleans Pelicans,Western All-Star Fan Vote Selection,2012 Rnd 1 Pick 1,United States
66,2014,Marc Gasol,C,7-1,255,Memphis Grizzlies,Western All-Star Fan Vote Selection,2007 Rnd 2 Pick 18,Spain
67,2014,Blake Griffin,PF,6-10,251,Los Angeles Clippers,Western All-Star Fan Vote Selection,2009 Rnd 1 Pick 1,United States
68,2014,James Harden,SG,6-5,220,Houston Rockets,Western All-Star Coaches Selection,2009 Rnd 1 Pick 3,United States
69,2014,Klay Thompson,G,6-7,215,Golden State Warriors,Western All-Star Coaches Selection,2011 Rnd 1 Pick 11,United States
70,2014,LaMarcus Aldridge,FC,6-11,240,Portland Trail Blazers,Western All-Star Coaches Selection,2006 Rnd 1 Pick 2,United States
71,2014,Russell Westbrook,G,6-3,200,Oklahoma City Thunder,Western All-Star Coaches Selection,2008 Rnd 1 Pick 4,United States
72,2014,Kevin Durant,SF,6-9,240,Oklahoma City Thunder,Western All-Star Coaches Selection,2007 Rnd 1 Pick 2,United States
73,2014,Tim Duncan,FC,6-11,250,San Antonio Spurs,Western All-Star Coaches Selection,1997 Rnd 1 Pick 1,United States
74,2014,Chris Paul,PG,6-0,175,Los Angeles Clippers,Western All-Star Coaches Selection,2005 Rnd 1 Pick 4,United States
75,2014,DeMarcus Cousins,C,6-11,270,Sacramento Kings,Western All-Star Replacement Selection,2010 Rnd 1 Pick 5,United States
76,2014,Damian Lillard,G,6-3,195,Portland Trail Blazers,Western All-Star Replacement Selection,2012 Rnd 1 Pick 6,United States
77,2014,Dirk Nowitzki,PF,7-0,245,Dallas Mavericks,Western All-Star Replacement Selection,1998 Rnd 1 Pick 9,Germany
78,2013,LaMarcus Aldridge,FC,6-11,240,Portland Trail Blazers,Western All-Star Coaches Selection,2006 Rnd 1 Pick 2,United States
79,2013,Damian Lillard,G,6-3,195,Portland Trail Blazers,Western All-Star Coaches Selection,2012 Rnd 1 Pick 6,United States
80,2013,Chris Paul,PG,6-0,175,Los Angeles Clippers,Western All-Star Coaches Selection,2005 Rnd 1 Pick 4,United States
81,2013,Tony Parker,G,6-2,185,San Antonio Spurs,Western All-Star Coaches Selection,2001 Rnd 1 Pick 28,France
82,2013,James Harden,SG,6-5,220,Houston Rockets,Western All-Star Coaches Selection,2009 Rnd 1 Pick 3,United States
83,2013,Dwight Howard,C,6-11,265,Houston Rockets,Western All-Star Coaches Selection,2004 Rnd 1 Pick 1,United States
84,2013,Dirk Nowitzki,PF,7-0,245,Dallas Mavericks,Western All-Star Coaches Selection,1998 Rnd 1 Pick 9,Germany
85,2013,Kevin Durant,SF,6-9,240,Oklahoma City Thunder,Western All-Star Fan Vote Selection,2007 Rnd 1 Pick 2,United States
86,2013,Kobe Bryant,SG,6-6,212,Los Angeles Lakers,Western All-Star Fan Vote Selection,1996 Rnd 1 Pick 13,United States
87,2013,Stephen Curry,G,6-3,190,Golden State Warriors,Western All-Star Fan Vote Selection,2009 Rnd 1 Pick 7,United States
88,2013,Blake Griffin,PF,6-10,251,Los Angeles Clippers,Western All-Star Fan Vote Selection,2009 Rnd 1 Pick 1,United States
89,2013,Kevin Love,FC,6-10,251,Minnesota Timberwolves,Western All-Star Fan Vote Selection,2008 Rnd 1 Pick 5,United States
90,2013,Anthony Davis,PF,6-11,253,New Orleans Pelicans,Western All-Star Replacement Selection,2012 Rnd 1 Pick 1,United States
91,2013,LeBron James,F,6-8,250,Miami Heat,Eastern All-Star Fan Vote Selection,2003 Rnd 1 Pick 1,United States
92,2013,Dwyane Wade,SG,6-4,220,Miami Heat,Eastern All-Star Fan Vote Selection,2003 Rnd 1 Pick 5,United States
93,2013,Kyrie Irving,G,6-3,193,Cleveland Cavaliers,Eastern All-Star Fan Vote Selection,2011 Rnd 1 Pick 1,"United States
Australia"
94,2013,Paul George,GF,6-9,220,Indiana Pacers,Eastern All-Star Fan Vote Selection,2010 Rnd 1 Pick 10,United States
95,2013,Carmelo Anthony,F,6-8,240,New York Knicks,Eastern All-Star Fan Vote Selection,2003 Rnd 1 Pick 3,United States
96,2013,Roy Hibbert,C,7-2,270,Indiana Pacers,Eastern All-Star Coaches Selection,2008 Rnd 1 Pick 17,United States
97,2013,Paul Millsap,FC,6-8,246,Atlanta Hawks,Eastern All-Star Coaches Selection,2006 Rnd 2 Pick 17,United States
98,2013,DeMar DeRozan,GF,6-7,220,Toronto Raptors,Eastern All-Star Coaches Selection,2009 Rnd 1 Pick 9,United States
99,2013,John Wall,PG,6-4,210,Washington Wizards,Eastern All-Star Coaches Selection,2010 Rnd 1 Pick 1,United States
100,2013,Joakim Noah,FC,6-11,230,Chicago Bulls,Eastern All-Star Coaches Selection,2007 Rnd 1 Pick 9,"France
United States"
101,2013,Joe Johnson,SG,6-7,240,Brooklyn Nets,Eastern All-Star Coaches Selection,2001 Rnd 1 Pick 10,United States
102,2013,Chris Bosh,PF,6-11,235,Miami Heat,Eastern All-Star Coaches Selection,2003 Rnd 1 Pick 4,United States
103,2012,Kevin Durant,SF,6-9,240,Oklahoma City Thunder,Western All-Star Fan Vote Selection,2007 Rnd 1 Pick 2,United States
104,2012,Dwight Howard,C,6-11,265,Los Angeles Lakers,Western All-Star Fan Vote Selection,2004 Rnd 1 Pick 1,United States
105,2012,Blake Griffin,PF,6-10,251,Los Angeles Clippers,Western All-Star Fan Vote Selection,2009 Rnd 1 Pick 1,United States
106,2012,Kobe Bryant,SG,6-6,212,Los Angeles Lakers,Western All-Star Fan Vote Selection,1996 Rnd 1 Pick 13,United States
107,2012,Chris Paul,PG,6-0,175,Los Angeles Clippers,Western All-Star Fan Vote Selection,2005 Rnd 1 Pick 4,United States
108,2012,Tim Duncan,FC,6-11,250,San Antonio Spurs,Western All-Star Coaches Selection,1997 Rnd 1 Pick 1,United States
109,2012,Tony Parker,G,6-2,185,San Antonio Spurs,Western All-Star Coaches Selection,2001 Rnd 1 Pick 28,France
110,2012,Russell Westbrook,G,6-3,200,Oklahoma City Thunder,Western All-Star Coaches Selection,2008 Rnd 1 Pick 4,United States
111,2012,James Harden,SG,6-5,220,Houston Rockets,Western All-Star Coaches Selection,2009 Rnd 1 Pick 3,United States
112,2012,Zach Randolph,PF,6-9,260,Memphis Grizzlies,Western All-Star Coaches Selection,2001 Rnd 1 Pick 19,United States
113,2012,LaMarcus Aldridge,FC,6-11,240,Portland Trail Blazers,Western All-Star Coaches Selection,2006 Rnd 1 Pick 2,United States
114,2012,David Lee,FC,6-9,245,Golden State Warriors,Western All-Star Coaches Selection,2005 Rnd 1 Pick 30,United States
115,2012,Dwyane Wade,SG,6-4,220,Miami Heat,Eastern All-Star Fan Vote Selection,2003 Rnd 1 Pick 5,United States
116,2012,LeBron James,F,6-8,250,Miami Heat,Eastern All-Star Fan Vote Selection,2003 Rnd 1 Pick 1,United States
117,2012,Rajon Rondo,PG,6-1,186,Boston Celtics,Eastern All-Star Fan Vote Selection,2006 Rnd 1 Pick 21,United States
118,2012,Carmelo Anthony,F,6-8,240,New York Knicks,Eastern All-Star Fan Vote Selection,2003 Rnd 1 Pick 3,United States
119,2012,Kevin Garnett,PF,6-11,240,Boston Celtics,Eastern All-Star Fan Vote Selection,1995 Rnd 1 Pick 5,United States
120,2012,Chris Bosh,PF,6-11,235,Miami Heat,Eastern All-Star Coaches Selection,2003 Rnd 1 Pick 4,United States
121,2012,Tyson Chandler,C,7-1,240,New York Knicks,Eastern All-Star Coaches Selection,2001 Rnd 1 Pick 2,United States
122,2012,Joakim Noah,FC,6-11,230,Chicago Bulls,Eastern All-Star Coaches Selection,2007 Rnd 1 Pick 9,"France
United States"
123,2012,Paul George,GF,6-9,220,Indiana Pacers,Eastern All-Star Coaches Selection,2010 Rnd 1 Pick 10,United States
124,2012,Luol Deng,GF,6-9,220,Chicago Bulls,Eastern All-Star Coaches Selection,2004 Rnd 1 Pick 7,"England
South Sudan"
125,2012,Jrue Holiday,G,6-4,205,Philadelphia Sixers,Eastern All-Star Coaches Selection,2009 Rnd 1 Pick 17,United States
126,2012,Kyrie Irving,G,6-3,193,Cleveland Cavaliers,Eastern All-Star Coaches Selection,2011 Rnd 1 Pick 1,"United States
Australia"
127,2012,Brook Lopez,C,7-0,268,Brooklyn Nets,Eastern All-Star Replacement Selection,2008 Rnd 1 Pick 10,United States
128,2011,Derrick Rose,PG,6-3,190,Chicago Bulls,Eastern All-Star Fan Vote Selection,2008 Rnd 1 Pick 1,United States
129,2011,Dwyane Wade,SG,6-4,220,Miami Heat,Eastern All-Star Fan Vote Selection,2003 Rnd 1 Pick 5,United States
130,2011,LeBron James,F,6-8,250,Miami Heat,Eastern All-Star Fan Vote Selection,2003 Rnd 1 Pick 1,United States
131,2011,Carmelo Anthony,F,6-8,240,New York Knicks,Eastern All-Star Fan Vote Selection,2003 Rnd 1 Pick 3,United States
132,2011,Dwight Howard,C,6-11,265,Orlando Magic,Eastern All-Star Fan Vote Selection,2004 Rnd 1 Pick 1,United States
133,2011,Chris Bosh,PF,6-11,235,Miami Heat,Eastern All-Star Coaches Selection,2003 Rnd 1 Pick 4,United States
134,2011,Roy Hibbert,C,7-2,270,Indiana Pacers,Eastern All-Star Coaches Selection,2008 Rnd 1 Pick 17,United States
135,2011,Paul Pierce,SF,6-7,235,Boston Celtics,Eastern All-Star Coaches Selection,1998 Rnd 1 Pick 10,United States
136,2011,Deron Williams,PG,6-3,200,New Jersey Nets,Eastern All-Star Coaches Selection,2005 Rnd 1 Pick 3,United States
137,2011,Luol Deng,GF,6-9,220,Chicago Bulls,Eastern All-Star Coaches Selection,2004 Rnd 1 Pick 7,"England
South Sudan"
138,2011,Andre Iguodala,SF,6-6,215,Philadelphia Sixers,Eastern All-Star Coaches Selection,2004 Rnd 1 Pick 9,United States
139,2011,Joe Johnson,SG,6-7,240,Atlanta Hawks,Eastern All-Star Coaches Selection,2001 Rnd 1 Pick 10,United States
140,2011,Rajon Rondo,PG,6-1,186,Boston Celtics,Eastern All-Star Replacement Selection,2006 Rnd 1 Pick 21,United States
141,2011,Kobe Bryant,SG,6-6,212,Los Angeles Lakers,Western All-Star Fan Vote Selection,1996 Rnd 1 Pick 13,United States
142,2011,Chris Paul,PG,6-0,175,Los Angeles Clippers,Western All-Star Fan Vote Selection,2005 Rnd 1 Pick 4,United States
143,2011,Kevin Durant,SF,6-9,240,Oklahoma City Thunder,Western All-Star Fan Vote Selection,2007 Rnd 1 Pick 2,United States
144,2011,Blake Griffin,PF,6-10,251,Los Angeles Clippers,Western All-Star Fan Vote Selection,2009 Rnd 1 Pick 1,United States
145,2011,Andrew Bynum,C,7-0,285,Los Angeles Lakers,Western All-Star Fan Vote Selection,2005 Rnd 1 Pick 10,United States
146,2011,Kevin Love,FC,6-10,251,Minnesota Timberwolves,Western All-Star Coaches Selection,2008 Rnd 1 Pick 5,United States
147,2011,LaMarcus Aldridge,FC,6-11,240,Portland Trail Blazers,Western All-Star Coaches Selection,2006 Rnd 1 Pick 2,United States
148,2011,Russell Westbrook,G,6-3,200,Oklahoma City Thunder,Western All-Star Coaches Selection,2008 Rnd 1 Pick 4,United States
149,2011,Dirk Nowitzki,PF,7-0,245,Dallas Mavericks,Western All-Star Coaches Selection,1998 Rnd 1 Pick 9,Germany
150,2011,Tony Parker,G,6-2,185,San Antonio Spurs,Western All-Star Coaches Selection,2001 Rnd 1 Pick 28,France
151,2011,Steve Nash,G,6-3,178,Phoenix Suns,Western All-Star Coaches Selection,1996 Rnd 1 Pick 15,"Canada
South Africa"
152,2011,Marc Gasol,C,7-1,255,Memphis Grizzlies,Western All-Star Coaches Selection,2007 Rnd 2 Pick 18,Spain
153,2010,Carmelo Anthony,F,6-8,240,Denver Nuggets,Western All-Star Fan Vote Selection,2003 Rnd 1 Pick 3,United States
154,2010,Kobe Bryant,SG,6-6,212,Los Angeles Lakers,Western All-Star Fan Vote Selection,1996 Rnd 1 Pick 13,United States
155,2010,Kevin Durant,SF,6-9,240,Oklahoma City Thunder,Western All-Star Fan Vote Selection,2007 Rnd 1 Pick 2,United States
156,2010,Chris Paul,PG,6-0,175,New Orleans Hornets,Western All-Star Fan Vote Selection,2005 Rnd 1 Pick 4,United States
157,2010,Yao Ming,C,7-6,310,Houston Rockets,Western All-Star Fan Vote Selection,2002 Rnd 1 Pick 1,China
158,2010,Manu Ginobili,SG,6-6,205,San Antonio Spurs,Western All-Star Coaches Selection,1999 Rnd 2 Pick 28,Argentina
159,2010,Dirk Nowitzki,PF,7-0,245,Dallas Mavericks,Western All-Star Coaches Selection,1998 Rnd 1 Pick 9,Germany
160,2010,Pau Gasol,FC,7-0,250,Los Angeles Lakers,Western All-Star Coaches Selection,2001 Rnd 1 Pick 3,Spain
161,2010,Deron Williams,PG,6-3,200,Utah Jazz,Western All-Star Coaches Selection,2005 Rnd 1 Pick 3,United States
162,2010,Russell Westbrook,G,6-3,200,Oklahoma City Thunder,Western All-Star Coaches Selection,2008 Rnd 1 Pick 4,United States
163,2010,Blake Griffin,PF,6-10,251,Los Angeles Clippers,Western All-Star Coaches Selection,2009 Rnd 1 Pick 1,United States
164,2010,Tim Duncan,FC,6-11,250,San Antonio Spurs,Western All-Star Coaches Selection,1997 Rnd 1 Pick 1,United States
165,2010,Kevin Love,FC,6-10,251,Minnesota Timberwolves,Western All-Star Replacement Selection,2008 Rnd 1 Pick 5,United States
166,2010,Dwyane Wade,SG,6-4,220,Miami Heat,Eastern All-Star Fan Vote Selection,2003 Rnd 1 Pick 5,United States
167,2010,Amar'e Stoudemire,FC,6-10,245,New York Knicks,Eastern All-Star Fan Vote Selection,2002 Rnd 1 Pick 9,United States
168,2010,Dwight Howard,C,6-11,265,Orlando Magic,Eastern All-Star Fan Vote Selection,2004 Rnd 1 Pick 1,United States
169,2010,LeBron James,F,6-8,250,Miami Heat,Eastern All-Star Fan Vote Selection,2003 Rnd 1 Pick 1,United States
170,2010,Derrick Rose,PG,6-3,190,Chicago Bulls,Eastern All-Star Fan Vote Selection,2008 Rnd 1 Pick 1,United States
171,2010,Kevin Garnett,PF,6-11,240,Boston Celtics,Eastern All-Star Coaches Selection,1995 Rnd 1 Pick 5,United States
172,2010,Paul Pierce,SF,6-7,235,Boston Celtics,Eastern All-Star Coaches Selection,1998 Rnd 1 Pick 10,United States
173,2010,Rajon Rondo,PG,6-1,186,Boston Celtics,Eastern All-Star Coaches Selection,2006 Rnd 1 Pick 21,United States
174,2010,Ray Allen,SG,6-5,205,Boston Celtics,Eastern All-Star Coaches Selection,1996 Rnd 1 Pick 5,United States
175,2010,Al Horford,FC,6-10,245,Atlanta Hawks,Eastern All-Star Coaches Selection,2007 Rnd 1 Pick 3,"Dominican Republic
United States"
176,2010,Joe Johnson,SG,6-7,240,Atlanta Hawks,Eastern All-Star Coaches Selection,2001 Rnd 1 Pick 10,United States
177,2010,Chris Bosh,PF,6-11,235,Miami Heat,Eastern All-Star Coaches Selection,2003 Rnd 1 Pick 4,United States
178,2009,Deron Williams,PG,6-3,200,Utah Jazz,Western All-Star Coaches Selection,2005 Rnd 1 Pick 3,United States
179,2009,Chris Paul,PG,6-0,175,New Orleans Hornets,Western All-Star Coaches Selection,2005 Rnd 1 Pick 4,United States
180,2009,Pau Gasol,FC,7-0,250,Los Angeles Lakers,Western All-Star Coaches Selection,2001 Rnd 1 Pick 3,Spain
181,2009,Kevin Durant,SF,6-9,240,Oklahoma City Thunder,Western All-Star Coaches Selection,2007 Rnd 1 Pick 2,United States
182,2009,Dirk Nowitzki,PF,7-0,245,Dallas Mavericks,Western All-Star Coaches Selection,1998 Rnd 1 Pick 9,Germany
183,2009,Zach Randolph,PF,6-9,260,Memphis Grizzlies,Western All-Star Coaches Selection,2001 Rnd 1 Pick 19,United States
184,2009,Brandon Roy,G,6-6,211,Portland Trail Blazers,Western All-Star Coaches Selection,2006 Rnd 1 Pick 6,United States
185,2009,Steve Nash,G,6-3,178,Phoenix Suns,Western All-Star Fan Vote Selection,1996 Rnd 1 Pick 15,"Canada
South Africa"
186,2009,Kobe Bryant,SG,6-6,212,Los Angeles Lakers,Western All-Star Fan Vote Selection,1996 Rnd 1 Pick 13,United States
187,2009,Amar'e Stoudemire,FC,6-10,245,Phoenix Suns,Western All-Star Fan Vote Selection,2002 Rnd 1 Pick 9,United States
188,2009,Tim Duncan,FC,6-11,250,San Antonio Spurs,Western All-Star Fan Vote Selection,1997 Rnd 1 Pick 1,United States
189,2009,Carmelo Anthony,F,6-8,240,Denver Nuggets,Western All-Star Fan Vote Selection,2003 Rnd 1 Pick 3,United States
190,2009,Chauncey Billups,G,6-3,210,Denver Nuggets,Western All-Star Replacement Selection,1997 Rnd 1 Pick 3,United States
191,2009,Chris Kaman,C,7-0,265,Los Angeles Clippers,Western All-Star Replacement Selection,2003 Rnd 1 Pick 6,"United States
Germany"
192,2009,Jason Kidd,PG,6-4,210,Dallas Mavericks,Western All-Star Replacement Selection,1994 Rnd 1 Pick 2,United States
193,2009,LeBron James,F,6-8,250,Cleveland Cavaliers,Eastern All-Star Fan Vote Selection,2003 Rnd 1 Pick 1,United States
194,2009,Kevin Garnett,PF,6-11,240,Boston Celtics,Eastern All-Star Fan Vote Selection,1995 Rnd 1 Pick 5,United States
195,2009,Allen Iverson,G,6-0,165,Philadelphia Sixers,Eastern All-Star Fan Vote Selection,1996 Rnd 1 Pick 1,United States
196,2009,Dwyane Wade,SG,6-4,220,Miami Heat,Eastern All-Star Fan Vote Selection,2003 Rnd 1 Pick 5,United States
197,2009,Dwight Howard,C,6-11,265,Orlando Magic,Eastern All-Star Fan Vote Selection,2004 Rnd 1 Pick 1,United States
198,2009,Rajon Rondo,PG,6-1,186,Boston Celtics,Eastern All-Star Coaches Selection,2006 Rnd 1 Pick 21,United States
199,2009,Derrick Rose,PG,6-3,190,Chicago Bulls,Eastern All-Star Coaches Selection,2008 Rnd 1 Pick 1,United States
200,2009,Paul Pierce,SF,6-7,235,Boston Celtics,Eastern All-Star Coaches Selection,1998 Rnd 1 Pick 10,United States
201,2009,Chris Bosh,PF,6-11,235,Toronto Raptors,Eastern All-Star Coaches Selection,2003 Rnd 1 Pick 4,United States
202,2009,Gerald Wallace,F,6-7,220,Charlotte Bobcats,Eastern All-Star Coaches Selection,2001 Rnd 1 Pick 25,United States
203,2009,Joe Johnson,SG,6-7,240,Atlanta Hawks,Eastern All-Star Coaches Selection,2001 Rnd 1 Pick 10,United States
204,2009,Al Horford,FC,6-10,245,Atlanta Hawks,Eastern All-Star Coaches Selection,2007 Rnd 1 Pick 3,"Dominican Republic
United States"
205,2009,David Lee,FC,6-9,245,New York Knicks,Eastern All-Star Replacement Selection,2005 Rnd 1 Pick 30,United States
206,2008,Chauncey Billups,G,6-3,210,Denver Nuggets,Western All-Star Coaches Selection,1997 Rnd 1 Pick 3,United States
207,2008,Pau Gasol,FC,7-0,250,Los Angeles Lakers,Western All-Star Coaches Selection,2001 Rnd 1 Pick 3,Spain
208,2008,Dirk Nowitzki,PF,7-0,245,Dallas Mavericks,Western All-Star Coaches Selection,1998 Rnd 1 Pick 9,Germany
209,2008,Shaquille O'Neal,C,7-1,325,Phoenix Suns,Western All-Star Coaches Selection,1992 Rnd 1 Pick 1,United States
210,2008,Tony Parker,G,6-2,185,San Antonio Spurs,Western All-Star Coaches Selection,2001 Rnd 1 Pick 28,France
211,2008,Brandon Roy,G,6-6,211,Portland Trail Blazers,Western All-Star Coaches Selection,2006 Rnd 1 Pick 6,United States
212,2008,David West,PF,6-9,250,New Orleans Hornets,Western All-Star Coaches Selection,2003 Rnd 1 Pick 18,United States
213,2008,Kobe Bryant,SG,6-6,212,Los Angeles Lakers,Western All-Star Fan Vote Selection,1996 Rnd 1 Pick 13,United States
214,2008,Tim Duncan,FC,6-11,250,San Antonio Spurs,Western All-Star Fan Vote Selection,1997 Rnd 1 Pick 1,United States
215,2008,Chris Paul,PG,6-0,175,New Orleans Hornets,Western All-Star Fan Vote Selection,2005 Rnd 1 Pick 4,United States
216,2008,Yao Ming,C,7-6,310,Houston Rockets,Western All-Star Fan Vote Selection,2002 Rnd 1 Pick 1,China
217,2008,Amar'e Stoudemire,FC,6-10,245,Phoenix Suns,Western All-Star Fan Vote Selection,2002 Rnd 1 Pick 9,United States
218,2008,Kevin Garnett,PF,6-11,240,Boston Celtics,Eastern All-Star Fan Vote Selection,1995 Rnd 1 Pick 5,United States
219,2008,Dwight Howard,C,6-11,265,Orlando Magic,Eastern All-Star Fan Vote Selection,2004 Rnd 1 Pick 1,United States
220,2008,Allen Iverson,G,6-0,165,Detroit Pistons,Eastern All-Star Fan Vote Selection,1996 Rnd 1 Pick 1,United States
221,2008,LeBron James,F,6-8,250,Cleveland Cavaliers,Eastern All-Star Fan Vote Selection,2003 Rnd 1 Pick 1,United States
222,2008,Dwyane Wade,SG,6-4,220,Miami Heat,Eastern All-Star Fan Vote Selection,2003 Rnd 1 Pick 5,United States
223,2008,Chris Bosh,PF,6-11,235,Toronto Raptors,Eastern All-Star Coaches Selection,2003 Rnd 1 Pick 4,United States
224,2008,Danny Granger,GF,6-9,222,Indiana Pacers,Eastern All-Star Coaches Selection,2005 Rnd 1 Pick 17,United States
225,2008,Devin Harris,G,6-3,185,New Jersey Nets,Eastern All-Star Coaches Selection,2004 Rnd 1 Pick 5,United States
226,2008,Joe Johnson,SG,6-7,240,Atlanta Hawks,Eastern All-Star Coaches Selection,2001 Rnd 1 Pick 10,United States
227,2008,Rashard Lewis,F,6-10,235,Orlando Magic,Eastern All-Star Coaches Selection,1998 Rnd 2 Pick 3,United States
228,2008,Jameer Nelson,G,6-0,190,Orlando Magic,Eastern All-Star Coaches Selection,2004 Rnd 1 Pick 20,United States
229,2008,Paul Pierce,SF,6-7,235,Boston Celtics,Eastern All-Star Coaches Selection,1998 Rnd 1 Pick 10,United States
230,2008,Ray Allen,SG,6-5,205,Boston Celtics,Eastern All-Star Replacement Selection,1996 Rnd 1 Pick 5,United States
231,2008,Mo Williams,G,6-1,198,Cleveland Cavaliers,Eastern All-Star Replacement Selection,2003 Rnd 2 Pick 18,United States
232,2007,Carlos Boozer,PF,6-9,266,Utah Jazz,Western All-Star Coaches Selection,2002 Rnd 2 Pick 6,"Germany
United States"
233,2007,Steve Nash,G,6-3,178,Phoenix Suns,Western All-Star Coaches Selection,1996 Rnd 1 Pick 15,"Canada
South Africa"
234,2007,Dirk Nowitzki,PF,7-0,245,Dallas Mavericks,Western All-Star Coaches Selection,1998 Rnd 1 Pick 9,Germany
235,2007,Chris Paul,PG,6-0,175,New Orleans Hornets,Western All-Star Coaches Selection,2005 Rnd 1 Pick 4,United States
236,2007,Brandon Roy,G,6-6,211,Portland Trail Blazers,Western All-Star Coaches Selection,2006 Rnd 1 Pick 6,United States
237,2007,Amar'e Stoudemire,FC,6-10,245,Phoenix Suns,Western All-Star Coaches Selection,2002 Rnd 1 Pick 9,United States
238,2007,David West,PF,6-9,250,New Orleans Hornets,Western All-Star Coaches Selection,2003 Rnd 1 Pick 18,United States
239,2007,Allen Iverson,G,6-0,165,Denver Nuggets,Western All-Star Fan Vote Selection,1996 Rnd 1 Pick 1,United States
240,2007,Kobe Bryant,SG,6-6,212,Los Angeles Lakers,Western All-Star Fan Vote Selection,1996 Rnd 1 Pick 13,United States
241,2007,Carmelo Anthony,F,6-8,240,Denver Nuggets,Western All-Star Fan Vote Selection,2003 Rnd 1 Pick 3,United States
242,2007,Tim Duncan,FC,6-11,250,San Antonio Spurs,Western All-Star Fan Vote Selection,1997 Rnd 1 Pick 1,United States
243,2007,Yao Ming,C,7-6,310,Houston Rockets,Western All-Star Fan Vote Selection,2002 Rnd 1 Pick 1,China
244,2007,Jason Kidd,PG,6-4,210,New Jersey Nets,Eastern All-Star Fan Vote Selection,1994 Rnd 1 Pick 2,United States
245,2007,Dwyane Wade,SG,6-4,220,Miami Heat,Eastern All-Star Fan Vote Selection,2003 Rnd 1 Pick 5,United States
246,2007,LeBron James,F,6-8,250,Cleveland Cavaliers,Eastern All-Star Fan Vote Selection,2003 Rnd 1 Pick 1,United States
247,2007,Kevin Garnett,PF,6-11,240,Boston Celtics,Eastern All-Star Fan Vote Selection,1995 Rnd 1 Pick 5,United States
248,2007,Dwight Howard,C,6-11,265,Orlando Magic,Eastern All-Star Fan Vote Selection,2004 Rnd 1 Pick 1,United States
249,2007,Chauncey Billups,G,6-3,210,Detroit Pistons,Eastern All-Star Coaches Selection,1997 Rnd 1 Pick 3,United States
250,2007,Chris Bosh,PF,6-11,235,Toronto Raptors,Eastern All-Star Coaches Selection,2003 Rnd 1 Pick 4,United States
251,2007,Caron Butler,SF,6-7,228,Washington Wizards,Eastern All-Star Coaches Selection,2002 Rnd 1 Pick 10,United States
252,2007,Richard Hamilton,SG,6-7,193,Detroit Pistons,Eastern All-Star Coaches Selection,1999 Rnd 1 Pick 7,United States
253,2007,Antawn Jamison,F,6-9,235,Washington Wizards,Eastern All-Star Coaches Selection,1998 Rnd 1 Pick 4,United States
254,2007,Joe Johnson,SG,6-7,240,Atlanta Hawks,Eastern All-Star Coaches Selection,2001 Rnd 1 Pick 10,United States
255,2007,Paul Pierce,SF,6-7,235,Boston Celtics,Eastern All-Star Coaches Selection,1998 Rnd 1 Pick 10,United States
256,2007,Ray Allen,SG,6-5,205,Boston Celtics,Eastern All-Star Replacement Selection,1996 Rnd 1 Pick 5,United States
257,2007,Rasheed Wallace,FC,6-11,230,Detroit Pistons,Eastern All-Star Replacement Selection,1995 Rnd 1 Pick 4,United States
258,2006,Kobe Bryant,SG,6-6,212,Los Angeles Lakers,Western All-Star Fan Vote Selection,1996 Rnd 1 Pick 13,United States
259,2006,Tracy McGrady,GF,6-8,210,Houston Rockets,Western All-Star Fan Vote Selection,1997 Rnd 1 Pick 9,United States
260,2006,Kevin Garnett,PF,6-11,240,Minnesota Timberwolves,Western All-Star Fan Vote Selection,1995 Rnd 1 Pick 5,United States
261,2006,Tim Duncan,FC,6-11,250,San Antonio Spurs,Western All-Star Fan Vote Selection,1997 Rnd 1 Pick 1,United States
262,2006,Yao Ming,C,7-6,310,Houston Rockets,Western All-Star Fan Vote Selection,2002 Rnd 1 Pick 1,China
263,2006,Steve Nash,G,6-3,178,Phoenix Suns,Western All-Star Coaches Selection,1996 Rnd 1 Pick 15,"Canada
South Africa"
264,2006,Amar'e Stoudemire,FC,6-10,245,Phoenix Suns,Western All-Star Coaches Selection,2002 Rnd 1 Pick 9,United States
265,2006,Carlos Boozer,PF,6-9,266,Utah Jazz,Western All-Star Coaches Selection,2002 Rnd 2 Pick 6,"Germany
United States"
266,2006,Tony Parker,G,6-2,185,San Antonio Spurs,Western All-Star Coaches Selection,2001 Rnd 1 Pick 28,France
267,2006,Allen Iverson,G,6-0,165,Denver Nuggets,Western All-Star Coaches Selection,1996 Rnd 1 Pick 1,United States
268,2006,Shawn Marion,F,6-7,228,Phoenix Suns,Western All-Star Coaches Selection,1999 Rnd 1 Pick 9,United States
269,2006,Dirk Nowitzki,PF,7-0,245,Dallas Mavericks,Western All-Star Coaches Selection,1998 Rnd 1 Pick 9,Germany
270,2006,Ray Allen,SG,6-5,205,Seattle SuperSonics,Western All-Star Replacement Selection,1996 Rnd 1 Pick 5,United States
271,2006,Carmelo Anthony,F,6-8,240,Denver Nuggets,Western All-Star Replacement Selection,2003 Rnd 1 Pick 3,United States
272,2006,Josh Howard,GF,6-7,210,Dallas Mavericks,Western All-Star Replacement Selection,2003 Rnd 1 Pick 29,United States
273,2006,Mehmet Okur,FC,6-11,249,Utah Jazz,Western All-Star Replacement Selection,2001 Rnd 2 Pick 9,Turkey
274,2006,Gilbert Arenas,G,6-3,191,Washington Wizards,Eastern All-Star Fan Vote Selection,2001 Rnd 2 Pick 2,United States
275,2006,Dwyane Wade,SG,6-4,220,Miami Heat,Eastern All-Star Fan Vote Selection,2003 Rnd 1 Pick 5,United States
276,2006,LeBron James,F,6-8,250,Cleveland Cavaliers,Eastern All-Star Fan Vote Selection,2003 Rnd 1 Pick 1,United States
277,2006,Chris Bosh,PF,6-11,235,Toronto Raptors,Eastern All-Star Fan Vote Selection,2003 Rnd 1 Pick 4,United States
278,2006,Shaquille O'Neal,C,7-1,325,Miami Heat,Eastern All-Star Fan Vote Selection,1992 Rnd 1 Pick 1,United States
279,2006,Chauncey Billups,G,6-3,210,Detroit Pistons,Eastern All-Star Coaches Selection,1997 Rnd 1 Pick 3,United States
280,2006,Caron Butler,SF,6-7,228,Washington Wizards,Eastern All-Star Coaches Selection,2002 Rnd 1 Pick 10,United States
281,2006,Vince Carter,SF,6-6,220,New Jersey Nets,Eastern All-Star Coaches Selection,1998 Rnd 1 Pick 5,United States
282,2006,Richard Hamilton,SG,6-7,193,Detroit Pistons,Eastern All-Star Coaches Selection,1999 Rnd 1 Pick 7,United States
283,2006,Dwight Howard,C,6-11,265,Orlando Magic,Eastern All-Star Coaches Selection,2004 Rnd 1 Pick 1,United States
284,2006,Jason Kidd,PG,6-4,210,New Jersey Nets,Eastern All-Star Coaches Selection,1994 Rnd 1 Pick 2,United States
285,2006,Jermaine O'Neal,FC,6-11,235,Indiana Pacers,Eastern All-Star Coaches Selection,1996 Rnd 1 Pick 17,United States
286,2006,Joe Johnson,SG,6-7,240,Atlanta Hawks,Eastern All-Star Replacement Selection,2001 Rnd 1 Pick 10,United States
287,2005,Steve Nash,G,6-3,178,Phoenix Suns,Western All-Star Fan Vote Selection,1996 Rnd 1 Pick 15,"Canada
South Africa"
288,2005,Kobe Bryant,SG,6-6,212,Los Angeles Lakers,Western All-Star Fan Vote Selection,1996 Rnd 1 Pick 13,United States
289,2005,Tracy McGrady,GF,6-8,210,Houston Rockets,Western All-Star Fan Vote Selection,1997 Rnd 1 Pick 9,United States
290,2005,Tim Duncan,FC,6-11,250,San Antonio Spurs,Western All-Star Fan Vote Selection,1997 Rnd 1 Pick 1,United States
291,2005,Yao Ming,C,7-6,310,Houston Rockets,Western All-Star Fan Vote Selection,2002 Rnd 1 Pick 1,China
292,2005,Ray Allen,SG,6-5,205,Seattle SuperSonics,Western All-Star Coaches Selection,1996 Rnd 1 Pick 5,United States
293,2005,Elton Brand,PF,6-9,254,Los Angeles Clippers,Western All-Star Coaches Selection,1999 Rnd 1 Pick 1,United States
294,2005,Kevin Garnett,PF,6-11,240,Minnesota Timberwolves,Western All-Star Coaches Selection,1995 Rnd 1 Pick 5,United States
295,2005,Pau Gasol,FC,7-0,250,Memphis Grizzlies,Western All-Star Coaches Selection,2001 Rnd 1 Pick 3,Spain
296,2005,Shawn Marion,F,6-7,228,Phoenix Suns,Western All-Star Coaches Selection,1999 Rnd 1 Pick 9,United States
297,2005,Dirk Nowitzki,PF,7-0,245,Dallas Mavericks,Western All-Star Coaches Selection,1998 Rnd 1 Pick 9,Germany
298,2005,Tony Parker,G,6-2,185,San Antonio Spurs,Western All-Star Coaches Selection,2001 Rnd 1 Pick 28,France
299,2005,Allen Iverson,G,6-0,165,Philadelphia Sixers,Eastern All-Star Fan Vote Selection,1996 Rnd 1 Pick 1,United States
300,2005,Dwyane Wade,SG,6-4,220,Miami Heat,Eastern All-Star Fan Vote Selection,2003 Rnd 1 Pick 5,United States
301,2005,LeBron James,F,6-8,250,Cleveland Cavaliers,Eastern All-Star Fan Vote Selection,2003 Rnd 1 Pick 1,United States
302,2005,Shaquille O'Neal,C,7-1,325,Miami Heat,Eastern All-Star Fan Vote Selection,1992 Rnd 1 Pick 1,United States
303,2005,Jermaine O'Neal,FC,6-11,235,Indiana Pacers,Eastern All-Star Fan Vote Selection,1996 Rnd 1 Pick 17,United States
304,2005,Chauncey Billups,G,6-3,210,Detroit Pistons,Eastern All-Star Coaches Selection,1997 Rnd 1 Pick 3,United States
305,2005,Chris Bosh,PF,6-11,235,Toronto Raptors,Eastern All-Star Coaches Selection,2003 Rnd 1 Pick 4,United States
306,2005,Vince Carter,SF,6-6,220,New Jersey Nets,Eastern All-Star Coaches Selection,1998 Rnd 1 Pick 5,United States
307,2005,Richard Hamilton,SG,6-7,193,Detroit Pistons,Eastern All-Star Coaches Selection,1999 Rnd 1 Pick 7,United States
308,2005,Paul Pierce,SF,6-7,235,Boston Celtics,Eastern All-Star Coaches Selection,1998 Rnd 1 Pick 10,United States
309,2005,Ben Wallace,FC,6-9,240,Detroit Pistons,Eastern All-Star Coaches Selection,"1996 NBA Draft, Undrafted",United States
310,2005,Rasheed Wallace,FC,6-11,230,Detroit Pistons,Eastern All-Star Coaches Selection,1995 Rnd 1 Pick 4,United States
311,2005,Gilbert Arenas,G,6-3,191,Washington Wizards,Eastern All-Star Replacement Selection,2001 Rnd 2 Pick 2,United States
312,2004,Kobe Bryant,SG,6-6,212,Los Angeles Lakers,Western All-Star Fan Vote Selection,1996 Rnd 1 Pick 13,United States
313,2004,Tracy McGrady,GF,6-8,210,Houston Rockets,Western All-Star Fan Vote Selection,1997 Rnd 1 Pick 9,United States
314,2004,Kevin Garnett,PF,6-11,240,Minnesota Timberwolves,Western All-Star Fan Vote Selection,1995 Rnd 1 Pick 5,United States
315,2004,Tim Duncan,FC,6-11,250,San Antonio Spurs,Western All-Star Fan Vote Selection,1997 Rnd 1 Pick 1,United States
316,2004,Yao Ming,C,7-6,310,Houston Rockets,Western All-Star Fan Vote Selection,2002 Rnd 1 Pick 1,China
317,2004,Manu Ginobili,SG,6-6,205,San Antonio Spurs,Western All-Star Coaches Selection,1999 Rnd 2 Pick 28,Argentina
318,2004,Amar'e Stoudemire,FC,6-10,245,Phoenix Suns,Western All-Star Coaches Selection,2002 Rnd 1 Pick 9,United States
319,2004,Ray Allen,SG,6-5,205,Seattle SuperSonics,Western All-Star Coaches Selection,1996 Rnd 1 Pick 5,United States
320,2004,Shawn Marion,F,6-7,228,Phoenix Suns,Western All-Star Coaches Selection,1999 Rnd 1 Pick 9,United States
321,2004,Steve Nash,G,6-3,178,Phoenix Suns,Western All-Star Coaches Selection,1996 Rnd 1 Pick 15,"Canada
South Africa"
322,2004,Dirk Nowitzki,PF,7-0,245,Dallas Mavericks,Western All-Star Coaches Selection,1998 Rnd 1 Pick 9,Germany
323,2004,Rashard Lewis,F,6-10,235,Seattle SuperSonics,Western All-Star Coaches Selection,1998 Rnd 2 Pick 3,United States
324,2004,Allen Iverson,G,6-0,165,Philadelphia Sixers,Eastern All-Star Fan Vote Selection,1996 Rnd 1 Pick 1,United States
325,2004,LeBron James,F,6-8,250,Cleveland Cavaliers,Eastern All-Star Fan Vote Selection,2003 Rnd 1 Pick 1,United States
326,2004,Vince Carter,SF,6-6,220,New Jersey Nets,Eastern All-Star Fan Vote Selection,1998 Rnd 1 Pick 5,United States
327,2004,Shaquille O'Neal,C,7-1,325,Miami Heat,Eastern All-Star Fan Vote Selection,1992 Rnd 1 Pick 1,United States
328,2004,Grant Hill,SF,6-8,225,Orlando Magic,Eastern All-Star Fan Vote Selection,1994 Rnd 1 Pick 3,United States
329,2004,Gilbert Arenas,G,6-3,191,Washington Wizards,Eastern All-Star Coaches Selection,2001 Rnd 2 Pick 2,United States
330,2004,Antawn Jamison,F,6-9,235,Washington Wizards,Eastern All-Star Coaches Selection,1998 Rnd 1 Pick 4,United States
331,2004,Dwyane Wade,SG,6-4,220,Miami Heat,Eastern All-Star Coaches Selection,2003 Rnd 1 Pick 5,United States
332,2004,Zydrunas Ilgauskas,C,7-3,260,Cleveland Cavaliers,Eastern All-Star Coaches Selection,1996 Rnd 1 Pick 20,Lithuania
333,2004,Jermaine O'Neal,FC,6-11,235,Indiana Pacers,Eastern All-Star Coaches Selection,1996 Rnd 1 Pick 17,United States
334,2004,Ben Wallace,FC,6-9,240,Detroit Pistons,Eastern All-Star Coaches Selection,"1996 NBA Draft, Undrafted",United States
335,2004,Paul Pierce,SF,6-7,235,Boston Celtics,Eastern All-Star Coaches Selection,1998 Rnd 1 Pick 10,United States
336,2003,Steve Francis,G,6-3,195,Houston Rockets,Western All-Star Fan Vote Selection,1999 Rnd 1 Pick 2,United States
337,2003,Yao Ming,C,7-6,310,Houston Rockets,Western All-Star Fan Vote Selection,2002 Rnd 1 Pick 1,China
338,2003,Kobe Bryant,SG,6-6,212,Los Angeles Lakers,Western All-Star Fan Vote Selection,1996 Rnd 1 Pick 13,United States
339,2003,Kevin Garnett,PF,6-11,240,Minnesota Timberwolves,Western All-Star Fan Vote Selection,1995 Rnd 1 Pick 5,United States
340,2003,Tim Duncan,FC,6-11,250,San Antonio Spurs,Western All-Star Fan Vote Selection,1997 Rnd 1 Pick 1,United States
341,2003,Shaquille O'Neal,C,7-1,325,Los Angeles Lakers,Western All-Star Coaches Selection,1992 Rnd 1 Pick 1,United States
342,2003,Andrei Kirilenko,PF,6-9,235,Utah Jazz,Western All-Star Coaches Selection,1999 Rnd 1 Pick 24,Russia
343,2003,Dirk Nowitzki,PF,7-0,245,Dallas Mavericks,Western All-Star Coaches Selection,1998 Rnd 1 Pick 9,Germany
344,2003,Peja Stojakovic,F,6-10,229,Sacramento Kings,Western All-Star Coaches Selection,1996 Rnd 1 Pick 14,"Serbia
Greece"
345,2003,Ray Allen,SG,6-5,205,Seattle SuperSonics,Western All-Star Coaches Selection,1996 Rnd 1 Pick 5,United States
346,2003,Brad Miller,C,7-0,261,Sacramento Kings,Western All-Star Coaches Selection,"1998 NBA Draft, Undrafted",United States
347,2003,Sam Cassell,G,6-3,185,Minnesota Timberwolves,Western All-Star Coaches Selection,1993 Rnd 1 Pick 24,United States
348,2003,Ben Wallace,FC,6-9,240,Detroit Pistons,Eastern All-Star Fan Vote Selection,"1996 NBA Draft, Undrafted",United States
349,2003,Jermaine O'Neal,FC,6-11,235,Indiana Pacers,Eastern All-Star Fan Vote Selection,1996 Rnd 1 Pick 17,United States
350,2003,Tracy McGrady,GF,6-8,210,Orlando Magic,Eastern All-Star Fan Vote Selection,1997 Rnd 1 Pick 9,United States
351,2003,Allen Iverson,G,6-0,165,Philadelphia Sixers,Eastern All-Star Fan Vote Selection,1996 Rnd 1 Pick 1,United States
352,2003,Vince Carter,SF,6-6,220,Toronto Raptors,Eastern All-Star Fan Vote Selection,1998 Rnd 1 Pick 5,United States
353,2003,Jason Kidd,PG,6-4,210,New Jersey Nets,Eastern All-Star Coaches Selection,1994 Rnd 1 Pick 2,United States
354,2003,Paul Pierce,SF,6-7,235,Boston Celtics,Eastern All-Star Coaches Selection,1998 Rnd 1 Pick 10,United States
355,2003,Baron Davis,G,6-3,215,New Orleans Hornets,Eastern All-Star Coaches Selection,1999 Rnd 1 Pick 3,United States
356,2003,Metta World Peace,SF,6-7,260,Indiana Pacers,Eastern All-Star Coaches Selection,1999 Rnd 1 Pick 16,United States
357,2003,Michael Redd,G,6-6,220,Milwaukee Bucks,Eastern All-Star Coaches Selection,2000 Rnd 2 Pick 14,United States
358,2003,Kenyon Martin,F,6-9,240,New Jersey Nets,Eastern All-Star Coaches Selection,2000 Rnd 1 Pick 1,United States
359,2003,Jamaal Magloire,C,6-11,259,New Orleans Hornets,Eastern All-Star Coaches Selection,2000 Rnd 1 Pick 19,Canada
360,2002,Ben Wallace,FC,6-9,240,Detroit Pistons,Eastern All-Star Fan Vote Selection,"1996 NBA Draft, Undrafted",United States
361,2002,Jermaine O'Neal,FC,6-11,235,Indiana Pacers,Eastern All-Star Fan Vote Selection,1996 Rnd 1 Pick 17,United States
362,2002,Tracy McGrady,GF,6-8,210,Orlando Magic,Eastern All-Star Fan Vote Selection,1997 Rnd 1 Pick 9,United States
363,2002,Allen Iverson,G,6-0,165,Philadelphia Sixers,Eastern All-Star Fan Vote Selection,1996 Rnd 1 Pick 1,United States
364,2002,Jason Kidd,PG,6-4,210,New Jersey Nets,Eastern All-Star Coaches Selection,1994 Rnd 1 Pick 2,United States
365,2002,Paul Pierce,SF,6-7,235,Boston Celtics,Eastern All-Star Coaches Selection,1998 Rnd 1 Pick 10,United States
366,2002,Antoine Walker,F,6-9,265,Boston Celtics,Eastern All-Star Coaches Selection,1996 Rnd 1 Pick 6,United States
367,2002,Zydrunas Ilgauskas,C,7-3,260,Cleveland Cavaliers,Eastern All-Star Coaches Selection,1996 Rnd 1 Pick 20,Lithuania
368,2002,Michael Jordan,SG,6-6,215,Washington Wizards,Eastern All-Star Fan Vote Selection,1984 Rnd 1 Pick 3,United States
369,2002,Jamal Mashburn,SF,6-8,247,New Orleans Hornets,Eastern All-Star Coaches Selection,1993 Rnd 1 Pick 4,United States
370,2002,Vince Carter,SF,6-6,220,Toronto Raptors,Eastern All-Star Coaches Selection,1998 Rnd 1 Pick 5,United States
371,2002,Brad Miller,C,7-0,261,Indiana Pacers,Eastern All-Star Coaches Selection,"1998 NBA Draft, Undrafted",United States
372,2002,Steve Francis,G,6-3,195,Houston Rockets,Western All-Star Fan Vote Selection,1999 Rnd 1 Pick 2,United States
373,2002,Yao Ming,C,7-6,310,Houston Rockets,Western All-Star Fan Vote Selection,2002 Rnd 1 Pick 1,China
374,2002,Kobe Bryant,SG,6-6,212,Los Angeles Lakers,Western All-Star Fan Vote Selection,1996 Rnd 1 Pick 13,United States
375,2002,Kevin Garnett,PF,6-11,240,Minnesota Timberwolves,Western All-Star Fan Vote Selection,1995 Rnd 1 Pick 5,United States
376,2002,Tim Duncan,FC,6-11,250,San Antonio Spurs,Western All-Star Fan Vote Selection,1997 Rnd 1 Pick 1,United States
377,2002,Shaquille O'Neal,C,7-1,325,Los Angeles Lakers,Western All-Star Coaches Selection,1992 Rnd 1 Pick 1,United States
378,2002,Stephon Marbury,G,6-2,180,Phoenix Suns,Western All-Star Coaches Selection,1996 Rnd 1 Pick 4,United States
379,2002,Shawn Marion,F,6-7,228,Phoenix Suns,Western All-Star Coaches Selection,1999 Rnd 1 Pick 9,United States
380,2002,Steve Nash,G,6-3,178,Dallas Mavericks,Western All-Star Coaches Selection,1996 Rnd 1 Pick 15,"Canada
South Africa"
381,2002,Dirk Nowitzki,PF,7-0,245,Dallas Mavericks,Western All-Star Coaches Selection,1998 Rnd 1 Pick 9,Germany
382,2002,Gary Payton,G,6-4,180,Seattle SuperSonics,Western All-Star Coaches Selection,1990 Rnd 1 Pick 2,United States
383,2002,Peja Stojakovic,F,6-10,229,Sacramento Kings,Western All-Star Replacement Selection,1996 Rnd 1 Pick 14,"Serbia
Greece"
384,2002,Chris Webber,F-C,6-9,245,Sacramento Kings,Western All-Star Coaches Selection,1993 Rnd 1 Pick 1,United States
385,2001,Dikembe Mutombo,C,7-2,260,Philadelphia Sixers,Eastern All-Star Fan Vote Selection,1991 Rnd 1 Pick 4,Democratic Republic of the Congo
386,2001,Vince Carter,SF,6-6,220,Toronto Raptors,Eastern All-Star Fan Vote Selection,1998 Rnd 1 Pick 5,United States
387,2001,Antoine Walker,F,6-9,265,Boston Celtics,Eastern All-Star Fan Vote Selection,1996 Rnd 1 Pick 6,United States
388,2001,Allen Iverson,G,6-0,165,Philadelphia Sixers,Eastern All-Star Fan Vote Selection,1996 Rnd 1 Pick 1,United States
389,2001,Ray Allen,SG,6-5,205,Milwaukee Bucks,Eastern All-Star Coaches Selection,1996 Rnd 1 Pick 5,United States
390,2001,Shareef Abdur-Rahim,F,6-9,225,Atlanta Hawks,Eastern All-Star Coaches Selection,1996 Rnd 1 Pick 3,United States
391,2001,Jason Kidd,PG,6-4,210,New Jersey Nets,Eastern All-Star Coaches Selection,1994 Rnd 1 Pick 2,United States
392,2001,Tracy McGrady,GF,6-8,210,Orlando Magic,Eastern All-Star Coaches Selection,1997 Rnd 1 Pick 9,United States
393,2001,Alonzo Mourning,C,6-10,240,Miami Heat,Eastern All-Star Coaches Selection,1992 Rnd 1 Pick 2,United States
394,2001,Paul Pierce,SF,6-7,235,Boston Celtics,Eastern All-Star Coaches Selection,1998 Rnd 1 Pick 10,United States
395,2001,Jermaine O'Neal,FC,6-11,235,Indiana Pacers,Eastern All-Star Coaches Selection,1996 Rnd 1 Pick 17,United States
396,2001,Baron Davis,G,6-3,215,Charlotte Hornets,Eastern All-Star Replacement Selection,1999 Rnd 1 Pick 3,United States
397,2001,Michael Jordan,SG,6-6,215,Washington Wizards,Eastern All-Star Fan Vote Selection,1984 Rnd 1 Pick 3,United States
398,2001,Shaquille O'Neal,C,7-1,325,Los Angeles Lakers,Western All-Star Fan Vote Selection,1992 Rnd 1 Pick 1,United States
399,2001,Tim Duncan,FC,6-11,250,San Antonio Spurs,Western All-Star Fan Vote Selection,1997 Rnd 1 Pick 1,United States
400,2001,Kevin Garnett,PF,6-11,240,Minnesota Timberwolves,Western All-Star Fan Vote Selection,1995 Rnd 1 Pick 5,United States
401,2001,Kobe Bryant,SG,6-6,212,Los Angeles Lakers,Western All-Star Fan Vote Selection,1996 Rnd 1 Pick 13,United States
402,2001,Steve Francis,G,6-3,195,Houston Rockets,Western All-Star Fan Vote Selection,1999 Rnd 1 Pick 2,United States
403,2001,Karl Malone,PF,6-9,265,Utah Jazz,Western All-Star Coaches Selection,1985 Rnd 1 Pick 13,United States
404,2001,Steve Nash,G,6-3,178,Dallas Mavericks,Western All-Star Coaches Selection,1996 Rnd 1 Pick 15,"Canada
South Africa"
405,2001,Dirk Nowitzki,PF,7-0,245,Dallas Mavericks,Western All-Star Coaches Selection,1998 Rnd 1 Pick 9,Germany
406,2001,Gary Payton,G,6-4,180,Seattle SuperSonics,Western All-Star Coaches Selection,1990 Rnd 1 Pick 2,United States
407,2001,Peja Stojakovic,F,6-10,229,Sacramento Kings,Western All-Star Coaches Selection,1996 Rnd 1 Pick 14,"Serbia
Greece"
408,2001,Wally Szczerbiak,F,6-7,240,Minnesota Timberwolves,Western All-Star Coaches Selection,1999 Rnd 1 Pick 6,"United States
Spain"
409,2001,Chris Webber,F-C,6-9,245,Sacramento Kings,Western All-Star Coaches Selection,1993 Rnd 1 Pick 1,United States
410,2001,Elton Brand,PF,6-9,254,Los Angeles Clippers,Western All-Star Replacement Selection,1999 Rnd 1 Pick 1,United States
411,2000,Allen Iverson,G,6-0,165,Philadelphia Sixers,Eastern All-Star Fan Vote Selection,1996 Rnd 1 Pick 1,United States
412,2000,Tracy McGrady,GF,6-8,210,Orlando Magic,Eastern All-Star Fan Vote Selection,1997 Rnd 1 Pick 9,United States
413,2000,Vince Carter,SF,6-6,220,Toronto Raptors,Eastern All-Star Fan Vote Selection,1998 Rnd 1 Pick 5,United States
414,2000,Alonzo Mourning,C,6-10,240,Miami Heat,Eastern All-Star Fan Vote Selection,1992 Rnd 1 Pick 2,United States
415,2000,Grant Hill,SF,6-8,225,Orlando Magic,Eastern All-Star Fan Vote Selection,1994 Rnd 1 Pick 3,United States
416,2000,Ray Allen,SG,6-5,205,Milwaukee Bucks,Eastern All-Star Coaches Selection,1996 Rnd 1 Pick 5,United States
417,2000,Antonio Davis,FC,6-9,245,Toronto Raptors,Eastern All-Star Replacement Selection,1990 Rnd 2 Pick 18,United States
418,2000,Theo Ratliff,C,6-10,235,Philadelphia Sixers,Eastern All-Star Coaches Selection,1995 Rnd 1 Pick 18,United States
419,2000,Glenn Robinson,SF,6-7,225,Milwaukee Bucks,Eastern All-Star Coaches Selection,1994 Rnd 1 Pick 1,United States
420,2000,Jerry Stackhouse,SF,6-6,218,Detroit Pistons,Eastern All-Star Coaches Selection,1995 Rnd 1 Pick 3,United States
421,2000,Stephon Marbury,G,6-2,180,New Jersey Nets,Eastern All-Star Coaches Selection,1996 Rnd 1 Pick 4,United States
422,2000,Anthony Mason,PF,6-7,250,Miami Heat,Eastern All-Star Coaches Selection,1988 Rnd 3 Pick 3,United States
423,2000,Dikembe Mutombo,C,7-2,260,Atlanta Hawks,Eastern All-Star Replacement Selection,1991 Rnd 1 Pick 4,Democratic Republic of the Congo
424,2000,Latrell Sprewell,SG,6-5,190,New York Knicks,Eastern All-Star Replacement Selection,1992 Rnd 1 Pick 24,United States
425,2000,Allan Houston,G,6-6,205,New York Knicks,Eastern All-Star Coaches Selection,1993 Rnd 1 Pick 11,United States
426,2000,Jason Kidd,PG,6-4,210,Phoenix Suns,Western All-Star Fan Vote Selection,1994 Rnd 1 Pick 2,United States
427,2000,Kobe Bryant,SG,6-6,212,Los Angeles Lakers,Western All-Star Fan Vote Selection,1996 Rnd 1 Pick 13,United States
428,2000,Tim Duncan,FC,6-11,250,San Antonio Spurs,Western All-Star Fan Vote Selection,1997 Rnd 1 Pick 1,United States
429,2000,Shaquille O'Neal,C,7-1,325,Los Angeles Lakers,Western All-Star Fan Vote Selection,1992 Rnd 1 Pick 1,United States
430,2000,Chris Webber,F-C,6-9,245,Sacramento Kings,Western All-Star Fan Vote Selection,1993 Rnd 1 Pick 1,United States
431,2000,Michael Finley,G-F,6-7,225,Dallas Mavericks,Western All-Star Coaches Selection,1995 Rnd 1 Pick 21,United States
432,2000,Kevin Garnett,PF,6-11,240,Minnesota Timberwolves,Western All-Star Coaches Selection,1995 Rnd 1 Pick 5,United States
433,2000,Karl Malone,PF,6-9,265,Utah Jazz,Western All-Star Coaches Selection,1985 Rnd 1 Pick 13,United States
434,2000,Antonio McDyess,F,6-9,245,Denver Nuggets,Western All-Star Coaches Selection,1995 Rnd 1 Pick 2,United States
435,2000,Gary Payton,G,6-4,180,Seattle SuperSonics,Western All-Star Coaches Selection,1990 Rnd 1 Pick 2,United States
436,2000,Rasheed Wallace,FC,6-11,230,Portland Trail Blazers,Western All-Star Coaches Selection,1995 Rnd 1 Pick 4,United States
437,2000,David Robinson,C,7-1,250,San Antonio Spurs,Western All-Star Coaches Selection,1987 Rnd 1 Pick 1,United States
438,2000,Vlade Divac,C,7-1,260,Sacramento Kings,Western All-Star Replacement Selection,1989 Rnd 1 Pick 26,Serbia
